{
  "armormodifier": "blast_resistant_armor",
  "text": [
    {
      "text": "Reinforcing your armor with some blast resistant plating will surely allow you to resist explosions better."
    },
    {
      "text": "\n"
    },
    {
      "text": "No cement necessary, probably."
    }
  ],
  "effects": [
    "Reduces damage from explosions",
    "Requires only 1 modifier",
    "Not compatible with other resists",
    "Multiple levels"
  ],
  "demoArmor": [
    "conarm:helmet",
    "conarm:chestplate",
    "conarm:leggings",
    "conarm:boots"
  ]
}