{
  "armormodifier": "fire_resistant_armor",
  "text": [
    {
      "text": "Coating your armor in fire resistant material will make it harder to burn you."
    },
    {
      "text": "\n"
    },
    {
      "text": "It's just science."
    }
  ],
  "effects": [
    "Reduces damage from fire and lava",
    "Requires only 1 modifier",
    "Not compatible with other resists",
    "Multiple levels"
  ],
  "demoArmor": [
    "conarm:helmet",
    "conarm:chestplate",
    "conarm:leggings",
    "conarm:boots"
  ]
}