{
  "armormodifier": "polished_armor",
  "text": [
    {
      "text": "Every armor needs a good polishing once in a while. You wouldn't want to see it rust, would you?"
    },
    {
      "text": "\n"
    },
    {
      "text": "Applies the same toughness level of the material used to the armor."
    }
  ],
  "effects": [
    "Increases toughness level",
    "Toughness added depends on material used",
    "Requires no modifier"
  ],
  "demoArmor": [
    "conarm:chestplate"
  ]
}