{
  "armormodifier": "resistant_armor",
  "text": [
    {
      "text": "You can strengthen your armor with a little bit of extra plating. It's really tough stuff."
    },
    {
      "text": "\n"
    },
    {
      "text": "This helps protect against all manner of attacks."
    }
  ],
  "effects": [
    "Reduces damage from all attacks",
    "Requires only 1 modifier",
    "Not compatible with other resists",
    "Multiple levels"
  ],
  "demoArmor": [
    "conarm:helmet",
    "conarm:chestplate",
    "conarm:leggings",
    "conarm:boots"
  ]
}