<!--
  ~ This file is part of Matter Overdrive
  ~ Copyright (c) 2015., Simeon Radivoev, All rights reserved.
  ~
  ~ Matter Overdrive is free software: you can redistribute it and/or modify
  ~ it under the terms of the GNU General Public License as published by
  ~ the Free Software Foundation, either version 3 of the License, or
  ~ (at your option) any later version.
  ~
  ~ Matter Overdrive is distributed in the hope that it will be useful,
  ~ but WITHOUT ANY WARRANTY; without even the implied warranty of
  ~ MERCHANTABILITY or FITNESS FOR A PARTICULAR PURPOSE.  See the
  ~ GNU General Public License for more details.
  ~
  ~ You should have received a copy of the GNU General Public License
  ~ along with Matter Overdrive.  If not, see <http://www.gnu.org/licenses>.
  -->

<entry stylesheet="matteroverdrive:info/styles/guide.css">
    <page class="padded-page">
        <title size="2" class="matter-text small-title">机械人部件</title>
        <text class="matter-text text-block">机械人会掉落[guide name=android.parts]，一共四种：[item name=rouge_android_part meta=0]，[item name=rouge_android_part meta=1]，[item name=rouge_android_part meta=2]以及[item name=rouge_android_part meta=3]。</text>
        <image src="guide/mad_scientist_conversation.png" style="float:left" width="167" height="100"></image>
        <text class="matter-text text-block" style="width:33%;margin-left:8px">它们可用于玩家的机械人改造过程。当玩家集齐全套机械人部件并将他们交给村庄中的疯狂科学家后即可将自身改造为机械人。</text>
    </page>
    <page class="padded-page">
        <image src="guide/android_bionic_parts_thirdperson.png" width="139" height="100" style="text-align:center"></image>
        <text class="matter-text text-block" style="margin-top:8px">成为机械人后，玩家就可以在[block name=android_station]中装备不同的部件。</text>
    </page>
    <page class="padded-page">
        <image src="guide/android_bionic_parts_gui.png" style="text-align:center" width="180" height="127" ></image>
        <text class="matter-text text-block" style="margin-top:8px">玩家的原版皮肤会被替换成机械人的材质。</text>
    </page>
</entry>
