<!--
  ~ This file is part of Matter Overdrive
  ~ Copyright (c) 2015., Simeon Radivoev, All rights reserved.
  ~
  ~ Matter Overdrive is free software: you can redistribute it and/or modify
  ~ it under the terms of the GNU General Public License as published by
  ~ the Free Software Foundation, either version 3 of the License, or
  ~ (at your option) any later version.
  ~
  ~ Matter Overdrive is distributed in the hope that it will be useful,
  ~ but WITHOUT ANY WARRANTY; without even the implied warranty of
  ~ MERCHANTABILITY or FITNESS FOR A PARTICULAR PURPOSE.  See the
  ~ GNU General Public License for more details.
  ~
  ~ You should have received a copy of the GNU General Public License
  ~ along with Matter Overdrive.  If not, see <http://www.gnu.org/licenses>.
  -->

<entry stylesheet="matteroverdrive:info/styles/guide.css">
    <page class="padded-page">
        <title size="2" class="matter-text small-title">$itemName</title>
        <preview size="8" style="text-align:center;margin-bottom:-14px;margin-top:-8px"></preview>
        <text class="matter-text text-block">$itemName是一款强大的远程能量武器，可以发射激光。而且它还允许玩家放大视野以提高精度。</text>
    </page>
    <page class="padded-page">
        <text class="matter-text text-block">由于$itemName的特性允许它在很远的地方射击敌人，因此它也是远程武器的最大受益者。尤其是安装了[item name=sniper_scope]。</text>
        <text class="matter-text text-block">残暴机械人可以使用这种远程能量武器，这将是非常致命的。并且它们可以远距离狙击。</text>
        <text class="matter-text text-block">像大多数能量武器一样，$itemName能够通过[item name=energy_pack]来快速充能，
            如果想要连续的射击，则需在[block name=weapon_station]上使用武器模块来进行升级。</text>
        <text class="matter-text text-block">$itemName可安装包括狙击镜在内的所有模块。</text>
    </page>
    <page class="padded-page">
        <title size="2" class="matter-text small-title" style="margin-bottom:6px">Stats</title>
        <tooltip></tooltip>
        <text class="matter-text text-block">$itemName可以通过击杀枪战机械人掉落，传奇版本的机械人也会掉落相应的传奇能量武器。
            传奇的能量武器允许安装更多武器模块升级并且有着更好的基础属性。
            比如，更高的伤害、射速以及精准度。</text>
    </page>
</entry>
