<!--
  ~ This file is part of Matter Overdrive
  ~ Copyright (c) 2015., Simeon Radivoev, All rights reserved.
  ~
  ~ Matter Overdrive is free software: you can redistribute it and/or modify
  ~ it under the terms of the GNU General Public License as published by
  ~ the Free Software Foundation, either version 3 of the License, or
  ~ (at your option) any later version.
  ~
  ~ Matter Overdrive is distributed in the hope that it will be useful,
  ~ but WITHOUT ANY WARRANTY; without even the implied warranty of
  ~ MERCHANTABILITY or FITNESS FOR A PARTICULAR PURPOSE.  See the
  ~ GNU General Public License for more details.
  ~
  ~ You should have received a copy of the GNU General Public License
  ~ along with Matter Overdrive.  If not, see <http://www.gnu.org/licenses>.
  -->

<entry stylesheet="matteroverdrive:info/styles/guide.css">
    <page class="padded-page">
        <text class="matter-text text-block">$itemName是唯一能够获取[item name=dilithium_crystal]的资源。</text>
        <creates to="[item name=dilithium_crystal]"></creates>
        <text class="matter-text text-block">普通掉落为1个晶体，时运最多可以获取3个晶体。</text>
        <depth min="0" max="32"></depth>
        <text class="matter-text text-block">该矿石在Y坐标32以下生成。</text>
    </page>
</entry>
