<!--
  ~ This file is part of Matter Overdrive
  ~ Copyright (c) 2015., Simeon Radivoev, All rights reserved.
  ~
  ~ Matter Overdrive is free software: you can redistribute it and/or modify
  ~ it under the terms of the GNU General Public License as published by
  ~ the Free Software Foundation, either version 3 of the License, or
  ~ (at your option) any later version.
  ~
  ~ Matter Overdrive is distributed in the hope that it will be useful,
  ~ but WITHOUT ANY WARRANTY; without even the implied warranty of
  ~ MERCHANTABILITY or FITNESS FOR A PARTICULAR PURPOSE.  See the
  ~ GNU General Public License for more details.
  ~
  ~ You should have received a copy of the GNU General Public License
  ~ along with Matter Overdrive.  If not, see <http://www.gnu.org/licenses>.
  -->

<entry stylesheet="matteroverdrive:info/styles/guide.css">
    <page class="padded-page">
        <title size="2" class="matter-text small-title">$itemName</title>
        <text class="matter-text text-block">$itemName用于存放[item name=pattern_drive]。每个存储仓能够存放6个[item name=pattern_drive]。
            这是物品模式并让其他接入网络的机器可以调用模式的唯一方法。
            以[block name=replicator]为例，它就需要$itemName中的模式来进行物质重组。</text>
        <image width="64" height="64" src="guide/pattern_storage_small.png" style="float:left;margin-right:4px"></image>
        <image width="156" height="64" src="guide/pattern_storage_wide.png"></image>
    </page>
    <page class="padded-page">
        <title size="2" class="matter-text small-title">如何使用</title>
        <text class="matter-text text-block">将$itemName用[block name=network_pipe]连接后面以接入一个物质网络。
            类似[block name=matter_analyzer]或[block name=replicator]的机器会尝试搜索第一个可用的$itemName。
            [block name=pattern_monitor]会显示所有存放在$itemName中的[item name=pattern_drive]。</text>
        <image width="64" height="64" src="guide/pattern_storage_connection.png" style="float:left;margin-right:4px"></image>
        <image width="186" height="64" src="guide/matter_analyzer_wide.png"></image>
    </page>
    <page class="padded-page">
        <recipe style="text-align:center"></recipe>
    </page>
</entry>
