<!--
  ~ This file is part of Matter Overdrive
  ~ Copyright (c) 2015., Simeon Radivoev, All rights reserved.
  ~
  ~ Matter Overdrive is free software: you can redistribute it and/or modify
  ~ it under the terms of the GNU General Public License as published by
  ~ the Free Software Foundation, either version 3 of the License, or
  ~ (at your option) any later version.
  ~
  ~ Matter Overdrive is distributed in the hope that it will be useful,
  ~ but WITHOUT ANY WARRANTY; without even the implied warranty of
  ~ MERCHANTABILITY or FITNESS FOR A PARTICULAR PURPOSE.  See the
  ~ GNU General Public License for more details.
  ~
  ~ You should have received a copy of the GNU General Public License
  ~ along with Matter Overdrive.  If not, see <http://www.gnu.org/licenses>.
  -->

<entry stylesheet="matteroverdrive:info/styles/guide.css">
    <page class="padded-page">
        <title size="2" class="matter-text small-title">$itemName</title>
        <text class="matter-text text-block">$itemName同原版告示牌功能相似。当（水平）放置在另一个$itemName旁边时，它们会连接起来，让你能够没有中断的显示一段长文本。</text>
        <image style="float:left;margin-right:4px" width="90" height="90" src="guide/sign_small.png"></image>
        <image width="158" height="90" src="guide/sign_wide.png"></image>
    </page>
    <page class="padded-page">
        <title size="2" class="matter-text small-title">如何使用</title>
        <text class="matter-text text-block">$itemName是一种多行告示牌。
            在配置栏你可以选择每行字体大小是否自动匹配文本长度，或者每行有着最大长度而其他行有着同样的规格。</text>
        <image style="margin-right:4px;float:left" width="64" height="64" src="guide/sign_configs.png"></image>
        <image style="margin-right:4px;float:left" width="64" height="64" src="guide/sign_small.png"></image>
        <image style="margin-right:4px" width="64" height="64" src="guide/sign_small_none_autosize.png"></image>
    </page>
    <page class="padded-page">
        <recipe></recipe>
    </page>
</entry>
