<!--
  ~ This file is part of Matter Overdrive
  ~ Copyright (c) 2015., Simeon Radivoev, All rights reserved.
  ~
  ~ Matter Overdrive is free software: you can redistribute it and/or modify
  ~ it under the terms of the GNU General Public License as published by
  ~ the Free Software Foundation, either version 3 of the License, or
  ~ (at your option) any later version.
  ~
  ~ Matter Overdrive is distributed in the hope that it will be useful,
  ~ but WITHOUT ANY WARRANTY; without even the implied warranty of
  ~ MERCHANTABILITY or FITNESS FOR A PARTICULAR PURPOSE.  See the
  ~ GNU General Public License for more details.
  ~
  ~ You should have received a copy of the GNU General Public License
  ~ along with Matter Overdrive.  If not, see <http://www.gnu.org/licenses>.
  -->

<entry stylesheet="matteroverdrive:info/styles/guide.css">
    <page class="padded-page">
        <text class="matter-text text-block">$itemName, is the only source of [item name=dilithium_crystal].</text>
        <depth min="0" max="32" style="margin-bottom:8px"></depth>
        <text class="matter-text text-block">The ore can be found beneath Y level of 32 and can only be mined by picks with an iron mining efficiency or above. That includes the [item name=omni_tool] and the [guide name=tritanium_tools].</text>
        <text class="matter-text text-block">The normal drop amount is 1 crystal and a maximum of 3 crystals with a maximum Fortune enchantment.</text>
    </page>
</entry>
