<!--
  ~ This file is part of Matter Overdrive
  ~ Copyright (c) 2015., Simeon Radivoev, All rights reserved.
  ~
  ~ Matter Overdrive is free software: you can redistribute it and/or modify
  ~ it under the terms of the GNU General Public License as published by
  ~ the Free Software Foundation, either version 3 of the License, or
  ~ (at your option) any later version.
  ~
  ~ Matter Overdrive is distributed in the hope that it will be useful,
  ~ but WITHOUT ANY WARRANTY; without even the implied warranty of
  ~ MERCHANTABILITY or FITNESS FOR A PARTICULAR PURPOSE.  See the
  ~ GNU General Public License for more details.
  ~
  ~ You should have received a copy of the GNU General Public License
  ~ along with Matter Overdrive.  If not, see <http://www.gnu.org/licenses>.
  -->

<entry stylesheet="matteroverdrive:info/styles/guide.css">
    <page class="padded-page">
        <title size="2" class="matter-text small-title">The $itemName</title>
        <text class="matter-text text-block">The $itemName is used to refine [item name=matter_dust] into [item name=matter_dust_refined]. That allows the recycling of any [item name=matter_dust] byproduct from replication or decomposing.</text>
        <image width="64" height="64" src="guide/matter_recycler_small.png" style="float:left;margin-right:4px"></image>
        <image width="159" height="64" src="guide/matter_recycler_wide.png"></image>
    </page>
    <page class="padded-page">
        <title size="2" class="matter-text small-title">How to use</title>
        <creates from="[item name=matter_dust]" to="[item name=matter_dust_refined]"></creates>
        <text class="matter-text text-block">By putting the [item name=matter_dust] in the input slot and providing power to the $itemName. You can recycle some [item name=matter_dust_refined]. You can then use it in a [item name=decomposer] to breakdown into [guide name=matter_plasma].</text>
    </page>
    <page class="padded-page">
        <recipe style="text-align:center"></recipe>
    </page>
</entry>