<!--
  ~ This file is part of Matter Overdrive
  ~ Copyright (c) 2015., Simeon Radivoev, All rights reserved.
  ~
  ~ Matter Overdrive is free software: you can redistribute it and/or modify
  ~ it under the terms of the GNU General Public License as published by
  ~ the Free Software Foundation, either version 3 of the License, or
  ~ (at your option) any later version.
  ~
  ~ Matter Overdrive is distributed in the hope that it will be useful,
  ~ but WITHOUT ANY WARRANTY; without even the implied warranty of
  ~ MERCHANTABILITY or FITNESS FOR A PARTICULAR PURPOSE.  See the
  ~ GNU General Public License for more details.
  ~
  ~ You should have received a copy of the GNU General Public License
  ~ along with Matter Overdrive.  If not, see <http://www.gnu.org/licenses>.
  -->

<entry stylesheet="matteroverdrive:info/styles/guide.css">
    <page class="padded-page">
        <text class="matter-text text-block">$itemName, является единственным источником [item name=dilithium_crystal].</text>
        <creates to="[item name=dilithium_crystal]"></creates>
        <text class="matter-text text-block">Обычное колличество выпадения - 1 кристалл, а максимальное - 3 кристалла, с зачарованием "Удача III".</text>
        <depth min="0" max="32"></depth>
        <text class="matter-text text-block">Руда может быть найдена ниже 32 уровня по оси Y.</text>
    </page>
</entry>